#Release 14.7 - par P.20131013 (nt64)
#Copyright (c) 1995-2013 Xilinx, Inc.  All rights reserved.

#Wed Nov 06 05:45:41 2019

#
## NOTE: This file is designed to be imported into a spreadsheet program
# such as Microsoft Excel for viewing, printing and sorting. The |
# character is used as the data field separator. This file is also designed
# to support parsing.
#
#INPUT FILE:       part1_schm_map.ncd
#OUTPUT FILE:      part1_schm_pad.csv
#PART TYPE:        xc3s100e
#SPEED GRADE:      -4
#PACKAGE:          tq144
#
# Pinout by Pin Number:
# 
# -----,-----,-----,-----,-----,-----,-----,-----,-----,-----,-----,-----,-----,-----,-----,
Pin Number,Signal Name,Pin Usage,Pin Name,Direction,IO Standard,IO Bank Number,Drive (mA),Slew Rate,Termination,IOB Delay,Voltage,Constraint,IO Register,Signal Integrity,
P1,,,PROG_B,,,,,,,,,,,,
P2,C0,IBUF,IO_L01P_3,INPUT,LVCMOS25*,3,,,,NONE,,UNLOCATED,NO,NONE,
P3,B1,IBUF,IO_L01N_3,INPUT,LVCMOS25*,3,,,,NONE,,UNLOCATED,NO,NONE,
P4,S2,IOB,IO_L02P_3,OUTPUT,LVCMOS25*,3,12,SLOW,NONE**,,,UNLOCATED,NO,NONE,
P5,B7,IBUF,IO_L02N_3/VREF_3,INPUT,LVCMOS25*,3,,,,NONE,,UNLOCATED,NO,NONE,
P6,B3,IBUF,IP,INPUT,LVCMOS25*,3,,,,NONE,,UNLOCATED,NO,NONE,
P7,S7,IOB,IO_L03P_3,OUTPUT,LVCMOS25*,3,12,SLOW,NONE**,,,UNLOCATED,NO,NONE,
P8,A0,IBUF,IO_L03N_3,INPUT,LVCMOS25*,3,,,,NONE,,UNLOCATED,NO,NONE,
P9,,,VCCINT,,,,,,,,1.2,,,,
P10,A7,IBUF,IO,INPUT,LVCMOS25*,3,,,,NONE,,UNLOCATED,NO,NONE,
P11,,,GND,,,,,,,,,,,,
P12,A4,IBUF,IP/VREF_3,INPUT,LVCMOS25*,3,,,,NONE,,UNLOCATED,NO,NONE,
P13,,,VCCO_3,,,3,,,,,2.50,,,,
P14,A11,IBUF,IO_L04P_3/LHCLK0,INPUT,LVCMOS25*,3,,,,NONE,,UNLOCATED,NO,NONE,
P15,A3,IBUF,IO_L04N_3/LHCLK1,INPUT,LVCMOS25*,3,,,,NONE,,UNLOCATED,NO,NONE,
P16,S4,IOB,IO_L05P_3/LHCLK2,OUTPUT,LVCMOS25*,3,12,SLOW,NONE**,,,UNLOCATED,NO,NONE,
P17,A8,IBUF,IO_L05N_3/LHCLK3/IRDY2,INPUT,LVCMOS25*,3,,,,NONE,,UNLOCATED,NO,NONE,
P18,B11,IBUF,IP,INPUT,LVCMOS25*,3,,,,NONE,,UNLOCATED,NO,NONE,
P19,,,GND,,,,,,,,,,,,
P20,S9,IOB,IO_L06P_3/LHCLK4/TRDY2,OUTPUT,LVCMOS25*,3,12,SLOW,NONE**,,,UNLOCATED,NO,NONE,
P21,S11,IOB,IO_L06N_3/LHCLK5,OUTPUT,LVCMOS25*,3,12,SLOW,NONE**,,,UNLOCATED,NO,NONE,
P22,B13,IBUF,IO_L07P_3/LHCLK6,INPUT,LVCMOS25*,3,,,,NONE,,UNLOCATED,NO,NONE,
P23,S8,IOB,IO_L07N_3/LHCLK7,OUTPUT,LVCMOS25*,3,12,SLOW,NONE**,,,UNLOCATED,NO,NONE,
P24,B9,IBUF,IP,INPUT,LVCMOS25*,3,,,,NONE,,UNLOCATED,NO,NONE,
P25,A5,IBUF,IO_L08P_3,INPUT,LVCMOS25*,3,,,,NONE,,UNLOCATED,NO,NONE,
P26,B0,IBUF,IO_L08N_3,INPUT,LVCMOS25*,3,,,,NONE,,UNLOCATED,NO,NONE,
P27,,,GND,,,,,,,,,,,,
P28,,,VCCO_3,,,3,,,,,2.50,,,,
P29,S0,IOB,IO,OUTPUT,LVCMOS25*,3,12,SLOW,NONE**,,,UNLOCATED,NO,NONE,
P30,,,VCCAUX,,,,,,,,2.5,,,,
P31,B12,IBUF,IP/VREF_3,INPUT,LVCMOS25*,3,,,,NONE,,UNLOCATED,NO,NONE,
P32,B2,IBUF,IO_L09P_3,INPUT,LVCMOS25*,3,,,,NONE,,UNLOCATED,NO,NONE,
P33,S12,IOB,IO_L09N_3,OUTPUT,LVCMOS25*,3,12,SLOW,NONE**,,,UNLOCATED,NO,NONE,
P34,B4,IBUF,IO_L10P_3,INPUT,LVCMOS25*,3,,,,NONE,,UNLOCATED,NO,NONE,
P35,S13,IOB,IO_L10N_3,OUTPUT,LVCMOS25*,3,12,SLOW,NONE**,,,UNLOCATED,NO,NONE,
P36,A12,IBUF,IP,INPUT,LVCMOS25*,3,,,,NONE,,UNLOCATED,NO,NONE,
P37,,,GND,,,,,,,,,,,,
P38,B8,IBUF,IP,INPUT,LVCMOS25*,2,,,,NONE,,UNLOCATED,NO,NONE,
P39,S14,IOB,IO_L01P_2/CSO_B,OUTPUT,LVCMOS25*,2,12,SLOW,NONE**,,,UNLOCATED,NO,NONE,
P40,S5,IOB,IO_L01N_2/INIT_B,OUTPUT,LVCMOS25*,2,12,SLOW,NONE**,,,UNLOCATED,NO,NONE,
P41,A10,IBUF,IP,INPUT,LVCMOS25*,2,,,,NONE,,UNLOCATED,NO,NONE,
P42,,,VCCO_2,,,2,,,,,2.50,,,,
P43,A1,IBUF,IO_L02P_2/DOUT/BUSY,INPUT,LVCMOS25*,2,,,,NONE,,UNLOCATED,NO,NONE,
P44,B10,IBUF,IO_L02N_2/MOSI/CSI_B,INPUT,LVCMOS25*,2,,,,NONE,,UNLOCATED,NO,NONE,
P45,,,VCCINT,,,,,,,,1.2,,,,
P46,,,GND,,,,,,,,,,,,
P47,A14,IBUF,IP_L03P_2,INPUT,LVCMOS25*,2,,,,NONE,,UNLOCATED,NO,NONE,
P48,B5,IBUF,IP_L03N_2/VREF_2,INPUT,LVCMOS25*,2,,,,NONE,,UNLOCATED,NO,NONE,
P49,,,VCCO_2,,,2,,,,,2.50,,,,
P50,S3,IOB,IO_L04P_2/D7/GCLK12,OUTPUT,LVCMOS25*,2,12,SLOW,NONE**,,,UNLOCATED,NO,NONE,
P51,S10,IOB,IO_L04N_2/D6/GCLK13,OUTPUT,LVCMOS25*,2,12,SLOW,NONE**,,,UNLOCATED,NO,NONE,
P52,B14,IBUF,IO/D5,INPUT,LVCMOS25*,2,,,,NONE,,UNLOCATED,NO,NONE,
P53,S6,IOB,IO_L05P_2/D4/GCLK14,OUTPUT,LVCMOS25*,2,12,SLOW,NONE**,,,UNLOCATED,NO,NONE,
P54,A13,IBUF,IO_L05N_2/D3/GCLK15,INPUT,LVCMOS25*,2,,,,NONE,,UNLOCATED,NO,NONE,
P55,,,GND,,,,,,,,,,,,
P56,A2,IBUF,IP_L06P_2/RDWR_B/GCLK0,INPUT,LVCMOS25*,2,,,,NONE,,UNLOCATED,NO,NONE,
P57,B6,IBUF,IP_L06N_2/M2/GCLK1,INPUT,LVCMOS25*,2,,,,NONE,,UNLOCATED,NO,NONE,
P58,S1,IOB,IO_L07P_2/D2/GCLK2,OUTPUT,LVCMOS25*,2,12,SLOW,NONE**,,,UNLOCATED,NO,NONE,
P59,A9,IBUF,IO_L07N_2/D1/GCLK3,INPUT,LVCMOS25*,2,,,,NONE,,UNLOCATED,NO,NONE,
P60,A6,IBUF,IO/M1,INPUT,LVCMOS25*,2,,,,NONE,,UNLOCATED,NO,NONE,
P61,,,GND,,,,,,,,,,,,
P62,Carry,IOB,IO_L08P_2/M0,OUTPUT,LVCMOS25*,2,12,SLOW,NONE**,,,UNLOCATED,NO,NONE,
P63,V,IOB,IO_L08N_2/DIN/D0,OUTPUT,LVCMOS25*,2,12,SLOW,NONE**,,,UNLOCATED,NO,NONE,
P64,,,VCCO_2,,,2,,,,,2.50,,,,
P65,,,VCCAUX,,,,,,,,2.5,,,,
P66,,IBUF,IP/VREF_2,UNUSED,,2,,,,,,,,,
P67,,DIFFM,IO_L09P_2/VS2/A19,UNUSED,,2,,,,,,,,,
P68,,DIFFS,IO_L09N_2/VS1/A18,UNUSED,,2,,,,,,,,,
P69,,IBUF,IP,UNUSED,,2,,,,,,,,,
P70,,DIFFM,IO_L10P_2/VS0/A17,UNUSED,,2,,,,,,,,,
P71,,DIFFS,IO_L10N_2/CCLK,UNUSED,,2,,,,,,,,,
P72,,,DONE,,,,,,,,,,,,
P73,,,GND,,,,,,,,,,,,
P74,,DIFFM,IO_L01P_1/A16,UNUSED,,1,,,,,,,,,
P75,,DIFFS,IO_L01N_1/A15,UNUSED,,1,,,,,,,,,
P76,,DIFFM,IO_L02P_1/A14,UNUSED,,1,,,,,,,,,
P77,,DIFFS,IO_L02N_1/A13,UNUSED,,1,,,,,,,,,
P78,,IBUF,IP,UNUSED,,1,,,,,,,,,
P79,,,VCCO_1,,,1,,,,,any******,,,,
P80,,,VCCINT,,,,,,,,1.2,,,,
P81,,DIFFM,IO_L03P_1/A12,UNUSED,,1,,,,,,,,,
P82,,DIFFS,IO_L03N_1/A11,UNUSED,,1,,,,,,,,,
P83,,IOB,IO/VREF_1,UNUSED,,1,,,,,,,,,
P84,,IBUF,IP,UNUSED,,1,,,,,,,,,
P85,,DIFFM,IO_L04P_1/A10/RHCLK0,UNUSED,,1,,,,,,,,,
P86,,DIFFS,IO_L04N_1/A9/RHCLK1,UNUSED,,1,,,,,,,,,
P87,,DIFFM,IO_L05P_1/A8/RHCLK2,UNUSED,,1,,,,,,,,,
P88,,DIFFS,IO_L05N_1/A7/RHCLK3/TRDY1,UNUSED,,1,,,,,,,,,
P89,,IBUF,IP,UNUSED,,1,,,,,,,,,
P90,,,GND,,,,,,,,,,,,
P91,,DIFFM,IO_L06P_1/A6/RHCLK4/IRDY1,UNUSED,,1,,,,,,,,,
P92,,DIFFS,IO_L06N_1/A5/RHCLK5,UNUSED,,1,,,,,,,,,
P93,,DIFFM,IO_L07P_1/A4/RHCLK6,UNUSED,,1,,,,,,,,,
P94,,DIFFS,IO_L07N_1/A3/RHCLK7,UNUSED,,1,,,,,,,,,
P95,,IBUF,IP/VREF_1,UNUSED,,1,,,,,,,,,
P96,,DIFFM,IO_L08P_1/A2,UNUSED,,1,,,,,,,,,
P97,,DIFFS,IO_L08N_1/A1,UNUSED,,1,,,,,,,,,
P98,,IOB,IO/A0,UNUSED,,1,,,,,,,,,
P99,,,GND,,,,,,,,,,,,
P100,,,VCCO_1,,,1,,,,,any******,,,,
P101,,IBUF,IP,UNUSED,,1,,,,,,,,,
P102,,,VCCAUX,,,,,,,,2.5,,,,
P103,,DIFFM,IO_L09P_1/HDC,UNUSED,,1,,,,,,,,,
P104,,DIFFS,IO_L09N_1/LDC0,UNUSED,,1,,,,,,,,,
P105,,DIFFM,IO_L10P_1/LDC1,UNUSED,,1,,,,,,,,,
P106,,DIFFS,IO_L10N_1/LDC2,UNUSED,,1,,,,,,,,,
P107,,IBUF,IP,UNUSED,,1,,,,,,,,,
P108,,,TMS,,,,,,,,,,,,
P109,,,TDO,,,,,,,,,,,,
P110,,,TCK,,,,,,,,,,,,
P111,,IBUF,IP,UNUSED,,0,,,,,,,,,
P112,,DIFFM,IO_L01P_0,UNUSED,,0,,,,,,,,,
P113,,DIFFS,IO_L01N_0,UNUSED,,0,,,,,,,,,
P114,,IBUF,IP,UNUSED,,0,,,,,,,,,
P115,,,VCCINT,,,,,,,,1.2,,,,
P116,,DIFFM,IO_L02P_0,UNUSED,,0,,,,,,,,,
P117,,DIFFS,IO_L02N_0,UNUSED,,0,,,,,,,,,
P118,,,GND,,,,,,,,,,,,
P119,,DIFFMI,IP_L03P_0,UNUSED,,0,,,,,,,,,
P120,,DIFFSI,IP_L03N_0,UNUSED,,0,,,,,,,,,
P121,,,VCCO_0,,,0,,,,,any******,,,,
P122,,DIFFM,IO_L04P_0/GCLK4,UNUSED,,0,,,,,,,,,
P123,,DIFFS,IO_L04N_0/GCLK5,UNUSED,,0,,,,,,,,,
P124,,IOB,IO/VREF_0,UNUSED,,0,,,,,,,,,
P125,,DIFFM,IO_L05P_0/GCLK6,UNUSED,,0,,,,,,,,,
P126,,DIFFS,IO_L05N_0/GCLK7,UNUSED,,0,,,,,,,,,
P127,,,GND,,,,,,,,,,,,
P128,,DIFFMI,IP_L06P_0/GCLK8,UNUSED,,0,,,,,,,,,
P129,,DIFFSI,IP_L06N_0/GCLK9,UNUSED,,0,,,,,,,,,
P130,,DIFFM,IO_L07P_0/GCLK10,UNUSED,,0,,,,,,,,,
P131,,DIFFS,IO_L07N_0/GCLK11,UNUSED,,0,,,,,,,,,
P132,,IOB,IO,UNUSED,,0,,,,,,,,,
P133,,,GND,,,,,,,,,,,,
P134,,DIFFM,IO_L08P_0,UNUSED,,0,,,,,,,,,
P135,,DIFFS,IO_L08N_0/VREF_0,UNUSED,,0,,,,,,,,,
P136,,IBUF,IP,UNUSED,,0,,,,,,,,,
P137,,,VCCAUX,,,,,,,,2.5,,,,
P138,,,VCCO_0,,,0,,,,,any******,,,,
P139,,DIFFM,IO_L09P_0,UNUSED,,0,,,,,,,,,
P140,,DIFFS,IO_L09N_0,UNUSED,,0,,,,,,,,,
P141,,IBUF,IP,UNUSED,,0,,,,,,,,,
P142,,DIFFM,IO_L10P_0,UNUSED,,0,,,,,,,,,
P143,,DIFFS,IO_L10N_0/HSWAP,UNUSED,,0,,,,,,,,,
P144,,,TDI,,,,,,,,,,,,

# -----,-----,-----,-----,-----,-----,-----,-----,-----,-----,-----,-----,-----,-----,-----,
# 
#* Default value.
#** This default Pullup/Pulldown value can be overridden in Bitgen. 
#****** Special VCCO requirements may apply. Please consult the device 
#       family datasheet for specific guideline on VCCO requirements. 
#
#
#